chunk,endpoint,status,fetched_at_utc
sitr_20260929T110603Z_trend_ok1of1.tar.gz,carga,404,2026-09-29T11:06:09.255272+00:00
sitr_20260929T110603Z_trend_ok1of1.tar.gz,cargaGatun,404,2026-09-29T11:06:37.155247+00:00
sitr_20260929T110603Z_trend_ok1of1.tar.gz,comp,404,2026-09-29T11:06:13.830650+00:00
sitr_20260929T110603Z_trend_ok1of1.tar.gz,lines115,404,2026-09-29T11:06:27.608510+00:00
sitr_20260929T110603Z_trend_ok1of1.tar.gz,pie,404,2026-09-29T11:06:18.826290+00:00
sitr_20260929T110603Z_trend_ok1of1.tar.gz,transformers,404,2026-09-29T11:06:32.403571+00:00
sitr_20260929T110603Z_trend_ok1of1.tar.gz,volt,404,2026-09-29T11:06:23.333991+00:00
sitr_20260929T221925Z_trend_ok1of1.tar.gz,carga,404,2026-09-29T22:19:31.325085+00:00
sitr_20260929T221925Z_trend_ok1of1.tar.gz,cargaGatun,404,2026-09-29T22:19:38.087009+00:00
sitr_20260929T221925Z_trend_ok1of1.tar.gz,comp,404,2026-09-29T22:19:32.474762+00:00
sitr_20260929T221925Z_trend_ok1of1.tar.gz,lines115,404,2026-09-29T22:19:35.842911+00:00
sitr_20260929T221925Z_trend_ok1of1.tar.gz,pie,404,2026-09-29T22:19:33.586523+00:00
sitr_20260929T221925Z_trend_ok1of1.tar.gz,transformers,404,2026-09-29T22:19:36.970883+00:00
sitr_20260929T221925Z_trend_ok1of1.tar.gz,volt,404,2026-09-29T22:19:34.689826+00:00
