chunk,ingested_at_utc,snapshot_rows,trend_rows,drift_events
sitr_20260929T102401Z_manual_ok6of6.tar.gz,2026-09-29T11:10:09+00:00,2413,4323,0
sitr_20260929T102643Z_manual_ok1of1.tar.gz,2026-09-29T11:10:09+00:00,236,4323,0
sitr_20260929T102728Z_manual_ok1of1.tar.gz,2026-09-29T11:10:09+00:00,236,4323,0
sitr_20260929T102740Z_manual_ok1of1.tar.gz,2026-09-29T11:10:09+00:00,236,4323,0
sitr_20260929T102755Z_manual_ok1of1.tar.gz,2026-09-29T11:10:09+00:00,236,4323,0
sitr_20260929T102809Z_manual_ok1of1.tar.gz,2026-09-29T11:10:09+00:00,236,4323,0
sitr_20260929T102824Z_manual_ok1of1.tar.gz,2026-09-29T11:10:09+00:00,236,4323,0
sitr_20260929T102839Z_manual_ok1of1.tar.gz,2026-09-29T11:10:09+00:00,236,4323,0
sitr_20260929T110513Z_snap_ok6of6.tar.gz,2026-09-29T11:10:09+00:00,2413,4323,0
sitr_20260929T110603Z_trend_ok1of1.tar.gz,2026-09-29T11:10:10+00:00,236,4323,0
sitr_20260929T110941Z_trend_ok1of1.tar.gz,2026-09-29T11:10:10+00:00,236,4323,0
sitr_20260929T125350Z_trend_ok1of1.tar.gz,2026-09-30T12:40:15+00:00,236,4323,0
sitr_20260929T125546Z_snap_ok6of6.tar.gz,2026-09-30T12:40:15+00:00,2413,4323,0
sitr_20260929T152246Z_trend_ok1of1.tar.gz,2026-09-30T12:40:16+00:00,236,4323,0
sitr_20260929T170023Z_snap_ok6of6.tar.gz,2026-09-30T12:40:16+00:00,2413,4323,0
sitr_20260929T212250Z_snap_ok6of6.tar.gz,2026-09-30T12:40:16+00:00,2413,4323,0
sitr_20260929T221925Z_trend_ok1of1.tar.gz,2026-09-30T12:40:16+00:00,236,4323,0
sitr_20260929T223104Z_trend_ok1of1.tar.gz,2026-09-30T12:40:16+00:00,236,4323,0
sitr_20260929T233107Z_trend_ok1of1.tar.gz,2026-09-30T12:40:16+00:00,236,4323,0
sitr_20260930T003110Z_trend_ok1of1.tar.gz,2026-10-01T13:24:09+00:00,236,4323,0
sitr_20260930T083233Z_snap_ok6of6.tar.gz,2026-10-01T13:24:09+00:00,2413,4323,0
sitr_20260930T083718Z_snap_ok6of6.tar.gz,2026-10-01T13:24:09+00:00,2413,4323,0
sitr_20260930T084203Z_snap_ok6of6.tar.gz,2026-10-01T13:24:10+00:00,2413,4323,0
sitr_20260930T084648Z_snap_ok6of6.tar.gz,2026-10-01T13:24:10+00:00,2413,4323,0
sitr_20260930T085133Z_snap_ok6of6.tar.gz,2026-10-01T13:24:10+00:00,2413,4323,0
sitr_20260930T085618Z_snap_ok6of6.tar.gz,2026-10-01T13:24:10+00:00,2413,4323,0
sitr_20260930T090103Z_snap_ok6of6.tar.gz,2026-10-01T13:24:10+00:00,2413,4323,0
sitr_20260930T090548Z_snap_ok6of6.tar.gz,2026-10-01T13:24:10+00:00,2413,4323,0
sitr_20260930T091033Z_snap_ok6of6.tar.gz,2026-10-01T13:24:10+00:00,2413,4323,0
sitr_20260930T091518Z_snap_ok6of6.tar.gz,2026-10-01T13:24:10+00:00,2413,4323,0
sitr_20260930T092003Z_snap_ok6of6.tar.gz,2026-10-01T13:24:10+00:00,2413,4323,0
sitr_20260930T092448Z_snap_ok6of6.tar.gz,2026-10-01T13:24:10+00:00,2413,4323,0
sitr_20260930T092933Z_snap_ok6of6.tar.gz,2026-10-01T13:24:10+00:00,2413,4323,0
sitr_20260930T093418Z_snap_ok6of6.tar.gz,2026-10-01T13:24:10+00:00,2413,4323,0
sitr_20260930T093903Z_snap_ok6of6.tar.gz,2026-10-01T13:24:11+00:00,2413,4323,0
sitr_20260930T094348Z_snap_ok6of6.tar.gz,2026-10-01T13:24:11+00:00,2413,4323,0
sitr_20260930T094833Z_snap_ok6of6.tar.gz,2026-10-01T13:24:11+00:00,2413,4323,0
sitr_20260930T095318Z_snap_ok6of6.tar.gz,2026-10-01T13:24:11+00:00,2413,4323,0
sitr_20260930T095803Z_snap_ok6of6.tar.gz,2026-10-01T13:24:11+00:00,2413,4323,0
sitr_20260930T100248Z_snap_ok6of6.tar.gz,2026-10-01T13:24:11+00:00,2413,4323,0
sitr_20260930T100733Z_snap_ok6of6.tar.gz,2026-10-01T13:24:11+00:00,2413,4323,0
sitr_20260930T101218Z_snap_ok6of6.tar.gz,2026-10-01T13:24:11+00:00,2413,4323,0
sitr_20260930T101703Z_snap_ok6of6.tar.gz,2026-10-01T13:24:11+00:00,2413,4323,0
sitr_20260930T102148Z_snap_ok6of6.tar.gz,2026-10-01T13:24:11+00:00,2413,4323,0
sitr_20260930T102633Z_snap_ok6of6.tar.gz,2026-10-01T13:24:11+00:00,2413,4323,0
sitr_20260930T103118Z_snap_ok6of6.tar.gz,2026-10-01T13:24:12+00:00,2413,4323,0
sitr_20260930T103603Z_snap_ok6of6.tar.gz,2026-10-01T13:24:12+00:00,2413,4323,0
sitr_20260930T104048Z_snap_ok6of6.tar.gz,2026-10-01T13:24:12+00:00,2413,4323,0
sitr_20260930T104533Z_snap_ok6of6.tar.gz,2026-10-01T13:24:12+00:00,2413,4323,0
sitr_20260930T105018Z_snap_ok6of6.tar.gz,2026-10-01T13:24:12+00:00,2413,4323,0
sitr_20260930T105503Z_snap_ok6of6.tar.gz,2026-10-01T13:24:12+00:00,2413,4323,0
sitr_20260930T105948Z_snap_ok6of6.tar.gz,2026-10-01T13:24:12+00:00,2413,4323,0
sitr_20260930T110433Z_snap_ok6of6.tar.gz,2026-10-01T13:24:12+00:00,2413,4323,0
sitr_20260930T110918Z_snap_ok6of6.tar.gz,2026-10-01T13:24:12+00:00,2413,4323,0
sitr_20260930T111403Z_snap_ok6of6.tar.gz,2026-10-01T13:24:12+00:00,2413,4323,0
sitr_20260930T111848Z_snap_ok6of6.tar.gz,2026-10-01T13:24:12+00:00,2413,4323,0
sitr_20260930T112333Z_snap_ok6of6.tar.gz,2026-10-01T13:24:13+00:00,2413,4323,0
sitr_20260930T112818Z_snap_ok6of6.tar.gz,2026-10-01T13:24:13+00:00,2413,4323,0
sitr_20260930T113303Z_snap_ok6of6.tar.gz,2026-10-01T13:24:13+00:00,2413,4323,0
sitr_20260930T113748Z_snap_ok6of6.tar.gz,2026-10-01T13:24:13+00:00,2413,4323,0
sitr_20260930T114233Z_snap_ok6of6.tar.gz,2026-10-01T13:24:13+00:00,2413,4323,0
sitr_20260930T114718Z_snap_ok6of6.tar.gz,2026-10-01T13:24:13+00:00,2413,4323,0
sitr_20260930T115203Z_snap_ok6of6.tar.gz,2026-10-01T13:24:13+00:00,2413,4323,0
sitr_20260930T115648Z_snap_ok6of6.tar.gz,2026-10-01T13:24:13+00:00,2413,4323,0
sitr_20260930T120133Z_snap_ok6of6.tar.gz,2026-10-01T13:24:13+00:00,2413,4323,0
sitr_20260930T120618Z_snap_ok6of6.tar.gz,2026-10-01T13:24:13+00:00,2413,4323,0
sitr_20260930T121103Z_snap_ok6of6.tar.gz,2026-10-01T13:24:13+00:00,2413,4323,0
sitr_20260930T121548Z_snap_ok6of6.tar.gz,2026-10-01T13:24:14+00:00,2413,4323,0
sitr_20260930T122033Z_snap_ok6of6.tar.gz,2026-10-01T13:24:14+00:00,2413,4323,0
sitr_20260930T122518Z_snap_ok6of6.tar.gz,2026-10-01T13:24:14+00:00,2413,4323,0
sitr_20260930T123003Z_snap_ok6of6.tar.gz,2026-10-01T13:24:14+00:00,2413,4323,0
sitr_20260930T123448Z_snap_ok6of6.tar.gz,2026-10-01T13:24:14+00:00,2413,4323,0
sitr_20260930T123933Z_snap_ok6of6.tar.gz,2026-10-01T13:24:14+00:00,2413,4323,0
sitr_20260930T123946Z_trend_ok1of1.tar.gz,2026-10-01T13:24:14+00:00,236,4323,0
sitr_20260930T124418Z_snap_ok6of6.tar.gz,2026-10-01T13:24:14+00:00,2413,4323,0
sitr_20260930T124903Z_snap_ok6of6.tar.gz,2026-10-01T13:24:14+00:00,2413,4323,0
sitr_20260930T125348Z_snap_ok6of6.tar.gz,2026-10-01T13:24:14+00:00,2413,4323,0
sitr_20260930T125833Z_snap_ok6of6.tar.gz,2026-10-01T13:24:14+00:00,2413,4323,0
sitr_20260930T130318Z_snap_ok6of6.tar.gz,2026-10-01T13:24:14+00:00,2413,4323,0
sitr_20260930T130803Z_snap_ok6of6.tar.gz,2026-10-01T13:24:15+00:00,2413,4323,0
sitr_20260930T131248Z_snap_ok6of6.tar.gz,2026-10-01T13:24:15+00:00,2413,4323,0
sitr_20260930T131733Z_snap_ok6of6.tar.gz,2026-10-01T13:24:15+00:00,2413,4323,0
sitr_20260930T132218Z_snap_ok6of6.tar.gz,2026-10-01T13:24:15+00:00,2413,4323,0
sitr_20260930T132703Z_snap_ok6of6.tar.gz,2026-10-01T13:24:15+00:00,2413,4323,0
sitr_20260930T133148Z_snap_ok6of6.tar.gz,2026-10-01T13:24:15+00:00,2413,4323,0
sitr_20260930T133633Z_snap_ok6of6.tar.gz,2026-10-01T13:24:15+00:00,2413,4323,0
sitr_20260930T134118Z_snap_ok6of6.tar.gz,2026-10-01T13:24:15+00:00,2413,4323,0
sitr_20260930T134603Z_snap_ok6of6.tar.gz,2026-10-01T13:24:15+00:00,2413,4323,0
sitr_20260930T135048Z_snap_ok6of6.tar.gz,2026-10-01T13:24:15+00:00,2413,4323,0
sitr_20260930T135533Z_snap_ok6of6.tar.gz,2026-10-01T13:24:15+00:00,2413,4323,0
sitr_20260930T140018Z_snap_ok6of6.tar.gz,2026-10-01T13:24:16+00:00,2413,4323,0
sitr_20260930T140503Z_snap_ok6of6.tar.gz,2026-10-01T13:24:16+00:00,2413,4323,0
sitr_20260930T140948Z_snap_ok6of6.tar.gz,2026-10-01T13:24:16+00:00,2413,4323,0
sitr_20260930T141433Z_snap_ok6of6.tar.gz,2026-10-01T13:24:16+00:00,2413,4323,0
sitr_20260930T141918Z_snap_ok6of6.tar.gz,2026-10-01T13:24:16+00:00,2413,4323,0
sitr_20260930T142403Z_snap_ok6of6.tar.gz,2026-10-01T13:24:16+00:00,2413,4323,0
sitr_20260930T142848Z_snap_ok6of6.tar.gz,2026-10-01T13:24:16+00:00,2413,4323,0
sitr_20260930T143333Z_snap_ok6of6.tar.gz,2026-10-01T13:24:16+00:00,2413,4323,0
sitr_20260930T143818Z_snap_ok6of6.tar.gz,2026-10-01T13:24:16+00:00,2413,4323,0
sitr_20260930T144303Z_snap_ok6of6.tar.gz,2026-10-01T13:24:16+00:00,2413,4323,0
sitr_20260930T144748Z_snap_ok6of6.tar.gz,2026-10-01T13:24:16+00:00,2413,4323,0
sitr_20260930T145233Z_snap_ok6of6.tar.gz,2026-10-01T13:24:17+00:00,2413,4323,0
sitr_20260930T145718Z_snap_ok6of6.tar.gz,2026-10-01T13:24:17+00:00,2413,4323,0
sitr_20260930T150203Z_snap_ok6of6.tar.gz,2026-10-01T13:24:17+00:00,2413,4323,0
sitr_20260930T150648Z_snap_ok6of6.tar.gz,2026-10-01T13:24:17+00:00,2413,4323,0
sitr_20260930T151133Z_snap_ok6of6.tar.gz,2026-10-01T13:24:17+00:00,2413,4323,0
sitr_20260930T151618Z_snap_ok6of6.tar.gz,2026-10-01T13:24:17+00:00,2413,4323,0
sitr_20260930T152103Z_snap_ok6of6.tar.gz,2026-10-01T13:24:17+00:00,2413,4323,0
sitr_20260930T152548Z_snap_ok6of6.tar.gz,2026-10-01T13:24:17+00:00,2413,4323,0
sitr_20260930T153033Z_snap_ok6of6.tar.gz,2026-10-01T13:24:17+00:00,2413,4323,0
sitr_20260930T153518Z_snap_ok6of6.tar.gz,2026-10-01T13:24:17+00:00,2413,4323,0
sitr_20260930T154003Z_snap_ok6of6.tar.gz,2026-10-01T13:24:17+00:00,2413,4323,0
sitr_20260930T154448Z_snap_ok6of6.tar.gz,2026-10-01T13:24:18+00:00,2413,4323,0
sitr_20260930T154933Z_snap_ok6of6.tar.gz,2026-10-01T13:24:18+00:00,2413,4323,0
sitr_20260930T155418Z_snap_ok6of6.tar.gz,2026-10-01T13:24:18+00:00,2413,4323,0
sitr_20260930T155903Z_snap_ok6of6.tar.gz,2026-10-01T13:24:18+00:00,2413,4323,0
sitr_20260930T160348Z_snap_ok6of6.tar.gz,2026-10-01T13:24:18+00:00,2413,4323,0
sitr_20260930T160833Z_snap_ok6of6.tar.gz,2026-10-01T13:24:18+00:00,2413,4323,0
sitr_20260930T161318Z_snap_ok6of6.tar.gz,2026-10-01T13:24:18+00:00,2413,4323,0
sitr_20260930T161803Z_snap_ok6of6.tar.gz,2026-10-01T13:24:18+00:00,2413,4323,0
sitr_20260930T162248Z_snap_ok6of6.tar.gz,2026-10-01T13:24:18+00:00,2413,4323,0
sitr_20260930T162733Z_snap_ok6of6.tar.gz,2026-10-01T13:24:18+00:00,2413,4323,0
sitr_20260930T163218Z_snap_ok6of6.tar.gz,2026-10-01T13:24:18+00:00,2413,4323,0
sitr_20260930T163703Z_snap_ok6of6.tar.gz,2026-10-01T13:24:19+00:00,2413,4323,0
sitr_20260930T164148Z_snap_ok6of6.tar.gz,2026-10-01T13:24:19+00:00,2413,4323,0
sitr_20260930T164633Z_snap_ok6of6.tar.gz,2026-10-01T13:24:19+00:00,2413,4323,0
sitr_20260930T165118Z_snap_ok6of6.tar.gz,2026-10-01T13:24:19+00:00,2413,4323,0
sitr_20260930T165603Z_snap_ok6of6.tar.gz,2026-10-01T13:24:19+00:00,2413,4323,0
sitr_20260930T170048Z_snap_ok6of6.tar.gz,2026-10-01T13:24:19+00:00,2413,4323,0
sitr_20260930T170533Z_snap_ok6of6.tar.gz,2026-10-01T13:24:19+00:00,2413,4323,0
sitr_20260930T171018Z_snap_ok6of6.tar.gz,2026-10-01T13:24:19+00:00,2413,4323,0
sitr_20260930T171503Z_snap_ok6of6.tar.gz,2026-10-01T13:24:19+00:00,2413,4323,0
sitr_20260930T171948Z_snap_ok6of6.tar.gz,2026-10-01T13:24:19+00:00,2413,4323,0
sitr_20260930T172433Z_snap_ok6of6.tar.gz,2026-10-01T13:24:19+00:00,2413,4323,0
sitr_20260930T172918Z_snap_ok6of6.tar.gz,2026-10-01T13:24:20+00:00,2413,4323,0
sitr_20260930T173403Z_snap_ok6of6.tar.gz,2026-10-01T13:24:20+00:00,2413,4323,0
sitr_20260930T173848Z_snap_ok6of6.tar.gz,2026-10-01T13:24:20+00:00,2413,4323,0
sitr_20260930T174333Z_snap_ok6of6.tar.gz,2026-10-01T13:24:20+00:00,2413,4323,0
sitr_20260930T174818Z_snap_ok6of6.tar.gz,2026-10-01T13:24:20+00:00,2413,4323,0
sitr_20260930T175303Z_snap_ok6of6.tar.gz,2026-10-01T13:24:20+00:00,2413,4323,0
sitr_20260930T175748Z_snap_ok6of6.tar.gz,2026-10-01T13:24:20+00:00,2413,4323,0
sitr_20260930T180233Z_snap_ok6of6.tar.gz,2026-10-01T13:24:20+00:00,2413,4323,0
sitr_20260930T180718Z_snap_ok6of6.tar.gz,2026-10-01T13:24:20+00:00,2413,4323,0
sitr_20260930T181203Z_snap_ok6of6.tar.gz,2026-10-01T13:24:20+00:00,2413,4323,0
sitr_20260930T181648Z_snap_ok6of6.tar.gz,2026-10-01T13:24:20+00:00,2413,4323,0
sitr_20260930T182133Z_snap_ok6of6.tar.gz,2026-10-01T13:24:21+00:00,2413,4323,0
sitr_20260930T182618Z_snap_ok6of6.tar.gz,2026-10-01T13:24:21+00:00,2413,4323,0
sitr_20260930T183103Z_snap_ok6of6.tar.gz,2026-10-01T13:24:21+00:00,2413,4323,0
sitr_20260930T183548Z_snap_ok6of6.tar.gz,2026-10-01T13:24:21+00:00,2413,4323,0
sitr_20260930T184033Z_snap_ok6of6.tar.gz,2026-10-01T13:24:21+00:00,2413,4323,0
sitr_20260930T184518Z_snap_ok6of6.tar.gz,2026-10-01T13:24:21+00:00,2413,4323,0
sitr_20260930T185003Z_snap_ok6of6.tar.gz,2026-10-01T13:24:21+00:00,2413,4323,0
sitr_20260930T185448Z_snap_ok6of6.tar.gz,2026-10-01T13:24:21+00:00,2413,4323,0
sitr_20260930T185933Z_snap_ok6of6.tar.gz,2026-10-01T13:24:21+00:00,2413,4323,0
sitr_20260930T190418Z_snap_ok6of6.tar.gz,2026-10-01T13:24:21+00:00,2413,4323,0
sitr_20260930T190903Z_snap_ok6of6.tar.gz,2026-10-01T13:24:21+00:00,2413,4323,0
sitr_20260930T191348Z_snap_ok6of6.tar.gz,2026-10-01T13:24:21+00:00,2413,4323,0
sitr_20260930T191833Z_snap_ok6of6.tar.gz,2026-10-01T13:24:22+00:00,2413,4323,0
sitr_20260930T192318Z_snap_ok6of6.tar.gz,2026-10-01T13:24:22+00:00,2413,4323,0
sitr_20260930T192803Z_snap_ok6of6.tar.gz,2026-10-01T13:24:22+00:00,2413,4323,0
sitr_20260930T193248Z_snap_ok6of6.tar.gz,2026-10-01T13:24:22+00:00,2413,4323,0
sitr_20260930T193733Z_snap_ok6of6.tar.gz,2026-10-01T13:24:22+00:00,2413,4323,0
sitr_20260930T194218Z_snap_ok6of6.tar.gz,2026-10-01T13:24:22+00:00,2413,4323,0
sitr_20260930T194703Z_snap_ok6of6.tar.gz,2026-10-01T13:24:22+00:00,2413,4323,1
sitr_20260930T195148Z_snap_ok6of6.tar.gz,2026-10-01T13:24:22+00:00,2413,4323,0
sitr_20260930T195633Z_snap_ok6of6.tar.gz,2026-10-01T13:24:22+00:00,2413,4323,0
sitr_20260930T200118Z_snap_ok6of6.tar.gz,2026-10-01T13:24:22+00:00,2413,4323,0
sitr_20260930T200603Z_snap_ok6of6.tar.gz,2026-10-01T13:24:22+00:00,2413,4323,0
sitr_20260930T201048Z_snap_ok6of6.tar.gz,2026-10-01T13:24:23+00:00,2413,4323,0
sitr_20260930T201533Z_snap_ok6of6.tar.gz,2026-10-01T13:24:23+00:00,2413,4323,0
sitr_20260930T202018Z_snap_ok6of6.tar.gz,2026-10-01T13:24:23+00:00,2413,4323,0
sitr_20260930T202503Z_snap_ok6of6.tar.gz,2026-10-01T13:24:23+00:00,2413,4323,0
sitr_20260930T202948Z_snap_ok6of6.tar.gz,2026-10-01T13:24:23+00:00,2413,4323,0
sitr_20260930T203433Z_snap_ok6of6.tar.gz,2026-10-01T13:24:23+00:00,2413,4323,0
sitr_20260930T203918Z_snap_ok6of6.tar.gz,2026-10-01T13:24:23+00:00,2413,4323,0
sitr_20260930T204403Z_snap_ok6of6.tar.gz,2026-10-01T13:24:23+00:00,2413,4323,0
sitr_20260930T204848Z_snap_ok6of6.tar.gz,2026-10-01T13:24:23+00:00,2413,4323,0
sitr_20260930T205333Z_snap_ok6of6.tar.gz,2026-10-01T13:24:23+00:00,2413,4323,0
sitr_20260930T205818Z_snap_ok6of6.tar.gz,2026-10-01T13:24:24+00:00,2413,4323,0
sitr_20260930T210303Z_snap_ok6of6.tar.gz,2026-10-01T13:24:24+00:00,2413,4323,0
sitr_20260930T210748Z_snap_ok6of6.tar.gz,2026-10-01T13:24:24+00:00,2413,4323,0
sitr_20260930T211233Z_snap_ok6of6.tar.gz,2026-10-01T13:24:24+00:00,2413,4323,0
sitr_20260930T211718Z_snap_ok6of6.tar.gz,2026-10-01T13:24:24+00:00,2413,4323,0
sitr_20260930T212203Z_snap_ok6of6.tar.gz,2026-10-01T13:24:24+00:00,2413,4323,0
sitr_20260930T212648Z_snap_ok6of6.tar.gz,2026-10-01T13:24:24+00:00,2413,4323,0
sitr_20260930T213133Z_snap_ok6of6.tar.gz,2026-10-01T13:24:24+00:00,2413,4323,0
sitr_20260930T213618Z_snap_ok6of6.tar.gz,2026-10-01T13:24:24+00:00,2413,4323,0
sitr_20260930T214103Z_snap_ok6of6.tar.gz,2026-10-01T13:24:24+00:00,2413,4323,0
sitr_20260930T214548Z_snap_ok6of6.tar.gz,2026-10-01T13:24:24+00:00,2413,4323,0
sitr_20260930T215033Z_snap_ok6of6.tar.gz,2026-10-01T13:24:25+00:00,2413,4323,0
sitr_20260930T215518Z_snap_ok6of6.tar.gz,2026-10-01T13:24:25+00:00,2413,4323,0
sitr_20260930T220003Z_snap_ok6of6.tar.gz,2026-10-01T13:24:25+00:00,2413,4323,0
sitr_20260930T220448Z_snap_ok6of6.tar.gz,2026-10-01T13:24:25+00:00,2413,4323,0
sitr_20260930T220933Z_snap_ok6of6.tar.gz,2026-10-01T13:24:25+00:00,2413,4323,0
sitr_20260930T221418Z_snap_ok6of6.tar.gz,2026-10-01T13:24:25+00:00,2413,4323,0
sitr_20260930T221853Z_trend_ok1of1.tar.gz,2026-10-01T13:24:25+00:00,236,4323,0
sitr_20260930T221903Z_snap_ok6of6.tar.gz,2026-10-01T13:24:25+00:00,2413,4323,0
sitr_20260930T222348Z_snap_ok6of6.tar.gz,2026-10-01T13:24:25+00:00,2413,4323,0
sitr_20260930T222833Z_snap_ok6of6.tar.gz,2026-10-01T13:24:25+00:00,2413,4323,0
sitr_20260930T223318Z_snap_ok6of6.tar.gz,2026-10-01T13:24:25+00:00,2413,4323,0
sitr_20260930T223803Z_snap_ok6of6.tar.gz,2026-10-01T13:24:25+00:00,2413,4323,0
sitr_20260930T224248Z_snap_ok6of6.tar.gz,2026-10-01T13:24:26+00:00,2413,4323,0
sitr_20260930T224733Z_snap_ok6of6.tar.gz,2026-10-01T13:24:26+00:00,2413,4323,0
sitr_20260930T225218Z_snap_ok6of6.tar.gz,2026-10-01T13:24:26+00:00,2413,4323,0
sitr_20260930T225703Z_snap_ok6of6.tar.gz,2026-10-01T13:24:26+00:00,2413,4323,0
sitr_20260930T230148Z_snap_ok6of6.tar.gz,2026-10-01T13:24:26+00:00,2413,4323,0
sitr_20260930T230633Z_snap_ok6of6.tar.gz,2026-10-01T13:24:26+00:00,2413,4323,0
sitr_20260930T231118Z_snap_ok6of6.tar.gz,2026-10-01T13:24:26+00:00,2413,4323,0
sitr_20260930T231603Z_snap_ok6of6.tar.gz,2026-10-01T13:24:26+00:00,2413,4323,0
sitr_20260930T232048Z_snap_ok6of6.tar.gz,2026-10-01T13:24:26+00:00,2413,4323,0
sitr_20260930T232533Z_snap_ok6of6.tar.gz,2026-10-01T13:24:26+00:00,2413,4323,0
sitr_20260930T233018Z_snap_ok6of6.tar.gz,2026-10-01T13:24:26+00:00,2413,4323,0
sitr_20260930T233503Z_snap_ok6of6.tar.gz,2026-10-01T13:24:27+00:00,2413,4323,0
sitr_20260930T233948Z_snap_ok6of6.tar.gz,2026-10-01T13:24:27+00:00,2413,4323,0
sitr_20260930T234433Z_snap_ok6of6.tar.gz,2026-10-01T13:24:27+00:00,2413,4323,0
sitr_20260930T234918Z_snap_ok6of6.tar.gz,2026-10-01T13:24:27+00:00,2413,4323,0
sitr_20260930T235403Z_snap_ok6of6.tar.gz,2026-10-01T13:24:27+00:00,2413,4323,0
sitr_20260930T235848Z_snap_ok6of6.tar.gz,2026-10-01T13:24:27+00:00,2413,4323,0
